{"regression": {"r2": 0.6879762779731884, "rmse": 0.5420968492971248}, "classification": {"accuracy": 0.5550727375779331, "f1": 0.5359599572061424}}